{
  "model_name": "cnn_small",
  "train_mode": "scratch",
  "best_val_loss": 0.12984324632971375,
  "best_val_acc": 0.9444444444444444,
  "test_loss": 0.13747140908682787,
  "test_acc": 0.9481481481481482,
  "avg_epoch_time_sec": 4.569525,
  "total_params": 32614,
  "trainable_params": 32614,
  "class_names": [
    "Crazing",
    "Inclusion",
    "Patches",
    "Pitted_Surface",
    "Rolled-in_Scale",
    "Scratches"
  ],
  "classification_report": {
    "Crazing": {
      "precision": 1.0,
      "recall": 1.0,
      "f1-score": 1.0,
      "support": 45.0
    },
    "Inclusion": {
      "precision": 0.8695652173913043,
      "recall": 0.8888888888888888,
      "f1-score": 0.8791208791208791,
      "support": 45.0
    },
    "Patches": {
      "precision": 1.0,
      "recall": 1.0,
      "f1-score": 1.0,
      "support": 45.0
    },
    "Pitted_Surface": {
      "precision": 0.8888888888888888,
      "recall": 0.8888888888888888,
      "f1-score": 0.8888888888888888,
      "support": 45.0
    },
    "Rolled-in_Scale": {
      "precision": 0.9574468085106383,
      "recall": 1.0,
      "f1-score": 0.9782608695652174,
      "support": 45.0
    },
    "Scratches": {
      "precision": 0.9761904761904762,
      "recall": 0.9111111111111111,
      "f1-score": 0.9425287356321839,
      "support": 45.0
    },
    "accuracy": 0.9481481481481482,
    "macro avg": {
      "precision": 0.9486818984968846,
      "recall": 0.9481481481481482,
      "f1-score": 0.9481332288678616,
      "support": 270.0
    },
    "weighted avg": {
      "precision": 0.9486818984968847,
      "recall": 0.9481481481481482,
      "f1-score": 0.9481332288678614,
      "support": 270.0
    }
  },
  "confusion_matrix": [
    [
      45,
      0,
      0,
      0,
      0,
      0
    ],
    [
      0,
      40,
      0,
      5,
      0,
      0
    ],
    [
      0,
      0,
      45,
      0,
      0,
      0
    ],
    [
      0,
      2,
      0,
      40,
      2,
      1
    ],
    [
      0,
      0,
      0,
      0,
      45,
      0
    ],
    [
      0,
      4,
      0,
      0,
      0,
      41
    ]
  ],
  "resolved_data_dir": "D:\\KHMT_16-01\\Deep learning\\NEU-CLS_extracted",
  "normalization": "none",
  "num_channels": 1
}